{"latest_csv_date": "2015-03-01 18:18:47", "feature_flags": ["subjects", "events", "influenceexplorer"], "terms": [{"end_year": 2010, "start_year": 2009, "biennium": "86", "name": "2009-2010", "sessions": ["2009-2010", "2010 1st Special Session", "2010 2nd Special Session"]}, {"end_year": 2012, "start_year": 2011, "biennium": "87", "name": "2011-2012", "sessions": ["2011-2012", "2011s1", "2012s1"]}, {"end_year": 2014, "start_year": 2013, "biennium": 88, "name": "2013-2014", "sessions": ["2013-2014", "2013s1"]}, {"end_year": 2016, "start_year": 2015, "biennium": 89, "name": "2015-2016", "sessions": ["2015-2016"]}], "name": "Minnesota", "latest_csv_url": "http://static.openstates.org/downloads/2015-03-01-mn-csv.zip", "legislature_name": "Minnesota State Legislature", "session_details": {"2009-2010": {"type": "primary", "site_id": "0862009", "display_name": "2009-2010 Regular Session", "votes_url": "http://www.house.leg.state.mn.us/votes/getVotesls86.asp"}, "2013s1": {"type": "special", "site_id": "1882013", "display_name": "2013, 1st Special Session", "votes_url": "http://www.house.leg.state.mn.us/votes/getVotesls8820131.asp"}, "2011s1": {"type": "special", "site_id": "1872011", "display_name": "2011, 1st Special Session", "votes_url": "http://www.house.leg.state.mn.us/votes/getVotesls8720111.asp"}, "2010 2nd Special Session": {"type": "special", "site_id": "2862010", "display_name": "2010, 2nd Special Session"}, "2013-2014": {"type": "primary", "site_id": "0882013", "votes_url": "http://www.house.leg.state.mn.us/votes/getVotesls88.asp", "display_name": "2013-2014 Regular Session"}, "2012s1": {"type": "special", "site_id": "1872012", "display_name": "2012, 1st Special Session", "votes_url": "http://www.house.leg.state.mn.us/votes/getVotesls8720121.asp"}, "2011-2012": {"type": "primary", "site_id": "0872011", "display_name": "2011-2012 Regular Session", "votes_url": "http://www.house.leg.state.mn.us/votes/getVotesls87.asp"}, "2010 1st Special Session": {"type": "special", "site_id": "1862010", "display_name": "2010, 1st Special Session", "votes_url": "http://www.house.leg.state.mn.us/votes/getVotesls8620101.asp"}, "2015-2016": {"type": "primary", "site_id": "0892015", "votes_url": "http://www.house.leg.state.mn.us/votes/getVotesls89.asp", "display_name": "2015-2016 Regular Session"}}, "abbreviation": "mn", "latest_update": "2015-03-15 01:29:17", "latest_json_url": "http://static.openstates.org/downloads/2015-03-14-mn-json.zip", "id": "mn", "chambers": {"upper": {"name": "Senate", "title": "Senator"}, "lower": {"name": "House", "title": "Representative"}}, "capitol_timezone": "America/Chicago", "latest_json_date": "2015-03-14 01:19:16", "legislature_url": "http://www.leg.state.mn.us/"}