{
	"actions": [
		{ "date": "2013-09-09 00:00:00", "action": "Introduction and first reading", "type": [ "bill:introduced" ], "related_entities": [ ], "actor": "upper" },
		{ "date": "2013-09-09 00:00:00", "action": "Laid on table", "type": [ "other" ], "related_entities": [ ], "actor": "upper" },
		{ "date": "2013-09-09 00:00:00", "action": "Taken from table", "type": [ "other" ], "related_entities": [ ], "actor": "upper" },
		{ "date": "2013-09-09 00:00:00", "action": "Urgency declared rules suspended", "type": [ "other" ], "related_entities": [ ], "actor": "upper" },
		{ "date": "2013-09-09 00:00:00", "action": "Second reading", "type": [ "bill:reading:2" ], "related_entities": [ ], "actor": "upper" },
		{ "date": "2013-09-09 00:00:00", "action": "Third reading Passed", "type": [ "bill:passed" ], "related_entities": [ ], "actor": "upper" },
		{ "date": "2013-09-09 00:00:00", "action": "Governor's action Approval 09/09/2013", "type": [ "governor:signed" ], "related_entities": [ ], "actor": "executive" },
		{ "date": "2013-09-09 00:00:00", "action": "Received from Senate", "type": [ "bill:introduced" ], "related_entities": [ ], "actor": "lower" },
		{ "date": "2013-09-09 00:00:00", "action": "Senate file first reading", "type": [ "other" ], "related_entities": [ ], "actor": "lower" },
		{ "date": "2013-09-09 00:00:00", "action": "Rules suspended, urgency declared", "type": [ "other" ], "related_entities": [ ], "actor": "lower" },
		{ "date": "2013-09-09 00:00:00", "action": "Second reading", "type": [ "bill:reading:2" ], "related_entities": [ ], "actor": "lower" },
		{ "date": "2013-09-09 00:00:00", "action": "Third reading", "type": [ "bill:reading:3" ], "related_entities": [ ], "actor": "lower" },
		{ "date": "2013-09-09 00:00:00", "action": "Bill was passed", "type": [ "bill:passed" ], "related_entities": [ ], "actor": "lower" },
		{ "date": "2013-09-09 00:00:00", "action": "Presented to Governor 09/09/13", "type": [ "governor:received" ], "related_entities": [ ], "actor": "executive" },
		{ "date": "2013-09-09 00:00:00", "action": "Governor approval 09/09/13", "type": [ "other" ], "related_entities": [ ], "actor": "lower" },
		{ "date": "2013-09-09 00:00:00", "action": "Secretary of State, Filed 09/09/13", "type": [ "other" ], "related_entities": [ ], "actor": "lower" }
	],
	"sources": [ { "url": "https://www.revisor.mn.gov/bills/bill.php?b=Senate&f=SF0001&ssn=1&y=2013" } ],
	"session": "2013s1",
	"id": "MNB00017167",
	"votes": [ ],
	"documents": [ ],
	"title": "Disaster relief appropriations",
	"alternate_titles": [ ],
	"companions": [ ],
	"all_ids": [ "MNB00017167" ],
	"state": "mn",
	"subjects": [ ],
	"type": [ "bill" ],
	"sponsors": [
		{ "chamber": "upper", "leg_id": "MNL000009", "type": "primary", "name": "Cohen" },
		{ "chamber": "upper", "leg_id": "MNL000061", "type": "cosponsor", "name": "Sparks" },
		{ "chamber": "upper", "leg_id": "MNL000558", "type": "cosponsor", "name": "Wiklund" },
		{ "chamber": "upper", "leg_id": "MNL000556", "type": "cosponsor", "name": "Westrom" },
		{ "chamber": "upper", "leg_id": "MNL000218", "type": "cosponsor", "name": "Miller" },
		{ "chamber": "lower", "leg_id": "MNL000121", "type": "cosponsor", "name": "Poppe" },
		{ "chamber": "lower", "leg_id": "MNL000157", "type": "cosponsor", "name": "Carlson" },
		{ "chamber": "lower", "leg_id": "MNL000129", "type": "cosponsor", "name": "Davids" },
		{ "chamber": "lower", "leg_id": "MNL000443", "type": "cosponsor", "name": "McNamar" },
		{ "chamber": "lower", "leg_id": "MNL000106", "type": "cosponsor", "name": "Falk" },
		{ "chamber": "lower", "leg_id": "MNL000469", "type": "cosponsor", "name": "Savick" },
		{ "chamber": "lower", "leg_id": "MNL000159", "type": "cosponsor", "name": "Hilstrom" },
		{ "chamber": "lower", "leg_id": "MNL000090", "type": "cosponsor", "name": "Ward, J.E." },
		{ "chamber": "lower", "leg_id": "MNL000405", "type": "cosponsor", "name": "Freiberg" },
		{ "chamber": "lower", "leg_id": "MNL000234", "type": "cosponsor", "name": "Barrett" },
		{ "chamber": "lower", "leg_id": "MNL000092", "type": "cosponsor", "name": "Anderson, P." }
	],
	"updated_at": "2013-09-27 00:37:57",
	"action_dates": { "passed_upper": "2013-09-09 00:00:00", "passed_lower": "2013-09-09 00:00:00", "last": "2013-09-09 00:00:00", "signed": "2013-09-09 00:00:00", "first": "2013-09-09 00:00:00" },
	"created_at": "2013-09-10 14:49:50",
	"versions": [ { "mimetype": "text/html", "url": "https://www.revisor.mn.gov/bills/text.php?number=SF1&version=0&session=ls88&session_year=2013&session_number=1", "doc_id": "MND00030915", "name": "Introduction" } ],
	"chamber": "upper",
	"bill_id": "SF 1"
}