﻿{
  "HttpVersion": {
    "Major": 1,
    "Minor": 1
  },
  "StatusCode": 200,
  "BaseUri": "www.googleapis.com/storage/v1/b/uspto-pair",
  "Query": "",
  "ContentFileName": "GET.content.json",
  "ResponseHeaders": {
    "X-GUploader-UploadID": [
      "AEnB2Uq0V79CljCnaqsNp-3-_c6hX_k_G-kKnNa9WH2p9Qy1tm9N1Xzai9TdRZd9OnrH25Xtq39ZgzhzmgQ1ylwTc-WfWL2hnw"
    ],
    "Vary": [
      "Origin",
      "X-Origin"
    ],
    "Alt-Svc": [
      "quic=\":443\"; ma=2592000; v=\"37,36,35\""
    ],
    "Cache-Control": [
      "no-transform, must-revalidate, max-age=0, private"
    ],
    "Date": [
      "Sun, 09 Apr 2017 16:14:55 GMT"
    ],
    "ETag": [
      "CAE="
    ],
    "Server": [
      "UploadServer"
    ]
  },
  "ContentHeaders": {
    "Content-Length": [
      "348"
    ],
    "Content-Type": [
      "application/json; charset=UTF-8"
    ],
    "Expires": [
      "Sun, 09 Apr 2017 16:14:55 GMT"
    ]
  }
}