[
    {
        "last_name": "Davnie",
        "updated_at": "2015-03-09 01:08:52",
        "sources": [ { "url": "http://www.house.leg.state.mn.us/members/meminfo.xls" } ],
        "full_name": "Jim Davnie",
        "old_roles": { "2009-2010": [ { "term": "2009-2010", "end_date": null, "district": "62A", "level": "state", "country": "us", "chamber": "lower", "state": "mn", "party": "Democratic-Farmer-Labor", "type": "member", "start_date": null }, { "term": "2009-2010", "committee_id": "MNC000029", "level": "state", "country": "us", "chamber": "lower", "state": "mn", "subcommittee": null, "committee": "Commerce and Labor", "type": "committee member" }, { "term": "2009-2010", "committee_id": "MNC000034", "level": "state", "country": "us", "chamber": "lower", "state": "mn", "subcommittee": null, "committee": "K-12 Education Policy and Oversight", "type": "committee member" }, { "term": "2009-2010", "committee_id": "MNC000038", "level": "state", "country": "us", "chamber": "lower", "state": "mn", "subcommittee": null, "committee": "Taxes", "type": "committee member" } ], "2013-2014": [ { "term": "2013-2014", "end_date": null, "district": "63A", "chamber": "lower", "state": "mn", "party": "Democratic-Farmer-Labor", "type": "member", "start_date": null }, { "term": "2013-2014", "committee_id": "MNC000068", "chamber": "lower", "state": "mn", "subcommittee": null, "committee": "Education Policy", "position": "member", "type": "committee member" }, { "term": "2013-2014", "committee_id": "MNC000039", "chamber": "lower", "state": "mn", "subcommittee": null, "committee": "Ways and Means", "position": "member", "type": "committee member" }, { "term": "2013-2014", "committee_id": "MNC000038", "chamber": "lower", "state": "mn", "subcommittee": null, "committee": "Taxes", "position": "member", "type": "committee member" }, { "term": "2013-2014", "committee_id": "MNC000051", "chamber": "lower", "state": "mn", "subcommittee": null, "committee": "Education Finance", "position": "member", "type": "committee member" }, { "term": "2013-2014", "committee_id": "MNC000031", "chamber": "lower", "state": "mn", "subcommittee": null, "committee": "Ethics", "position": "Committee Chair", "type": "committee member" } ], "2011-2012": [ { "term": "2011-2012", "end_date": null, "district": "62A", "level": "state", "country": "us", "chamber": "lower", "state": "mn", "party": "Democratic-Farmer-Labor", "type": "member", "start_date": null }, { "term": "2011-2012", "committee_id": "MNC000051", "level": "state", "country": "us", "chamber": "lower", "state": "mn", "subcommittee": null, "committee": "Education Finance", "type": "committee member" }, { "term": "2011-2012", "committee_id": "MNC000052", "level": "state", "country": "us", "chamber": "lower", "state": "mn", "subcommittee": null, "committee": "Education Reform", "type": "committee member" }, { "term": "2011-2012", "committee_id": "MNC000038", "level": "state", "country": "us", "chamber": "lower", "state": "mn", "subcommittee": null, "committee": "Taxes", "type": "committee member" } ] },
        "id": "MNL000190",
        "first_name": "Jim",
        "middle_name": "",
        "district": "63A",
        "office_address": "215 State Office Building,\n100 Rev. Dr. Martin Luther King Jr. Blvd.\nSaint Paul, Minnesota 55155",
        "state": "mn",
        "votesmart_id": "54646",
        "chamber": "lower",
        "boundary_id": "ocd-division/country:us/state:mn/sldl:63a",
        "email": "rep.jim.davnie@house.mn",
        "all_ids": [ "MNL000190", "MNL000248", "MNL000390", "MNL000655" ],
        "leg_id": "MNL000190",
        "party": "Democratic-Farmer-Labor",
        "active": true,
        "transparencydata_id": "232dc4443461457aa0b221d979928051",
        "photo_url": "http://www.house.leg.state.mn.us/hinfo/memberimgls89/63A.jpg",
        "roles": [ { "term": "2015-2016", "end_date": null, "district": "63A", "chamber": "lower", "state": "mn", "party": "Democratic-Farmer-Labor", "type": "member", "start_date": null }, { "term": "2015-2016", "committee_id": "MNC000124", "chamber": "lower", "state": "mn", "subcommittee": null, "committee": "Education Innovation Policy", "position": "member", "type": "committee member" }, { "term": "2015-2016", "committee_id": "MNC000038", "chamber": "lower", "state": "mn", "subcommittee": null, "committee": "Taxes", "position": "member", "type": "committee member" }, { "term": "2015-2016", "committee_id": "MNC000051", "chamber": "lower", "state": "mn", "subcommittee": null, "committee": "Education Finance", "position": "member", "type": "committee member" } ],
        "url": "http://www.house.leg.state.mn.us/members/members.asp?id=10126",
        "country": "us",
        "created_at": "2010-12-17 08:18:51",
        "level": "state",
        "office_phone": "651-296-0173",
        "offices": [ { "phone": "651-296-0173", "type": "capitol", "name": "Capitol Office", "address": "393 State Office Building\nSt. Paul, MN 55155-1298" }, { "phone": "651-296-0173", "type": "district", "name": "District Office" } ],
        "suffixes": ""
    },
    {
        "last_name": "Torres Ray",
        "updated_at": "2015-03-09 01:08:53",
        "sources": [ { "url": "http://www.senate.mn/members/member_list_ascii.php?ls=" }, { "url": "http://www.senate.mn/members/index.php" } ],
        "full_name": "Patricia Torres Ray",
        "old_roles": { "2009-2010": [ { "term": "2009-2010", "end_date": null, "district": "62", "level": "state", "country": "us", "chamber": "upper", "state": "mn", "party": "Democratic-Farmer-Labor", "type": "member", "start_date": null } ], "2013-2014": [ { "term": "2013-2014", "end_date": null, "district": "63", "chamber": "upper", "state": "mn", "party": "Democratic-Farmer-Labor", "type": "member", "start_date": null }, { "term": "2013-2014", "committee_id": "MNC000100", "chamber": "upper", "state": "mn", "subcommittee": null, "committee": "Higher Education and Workforce Development Committee", "position": "member", "type": "committee member" }, { "term": "2013-2014", "committee_id": "MNC000088", "chamber": "upper", "state": "mn", "subcommittee": null, "committee": "Education Committee", "position": "chair", "type": "committee member" }, { "term": "2013-2014", "committee_id": "MNC000105", "chamber": "upper", "state": "mn", "subcommittee": null, "committee": "State and Local Government Committee", "position": "member", "type": "committee member" }, { "term": "2013-2014", "committee_id": "MNC000094", "chamber": "upper", "state": "mn", "subcommittee": "Higher Education and Workforce Development Division", "committee": "Finance Committee", "position": "member", "type": "committee member" }, { "term": "2013-2014", "committee_id": "MNC000091", "chamber": "upper", "state": "mn", "subcommittee": "E-12 Division", "committee": "Finance Committee", "position": "member", "type": "committee member" } ], "2011-2012": [ { "term": "2011-2012", "end_date": null, "district": "62", "level": "state", "country": "us", "chamber": "upper", "state": "mn", "party": "Democratic-Farmer-Labor", "type": "member", "start_date": null }, { "term": "2011-2012", "committee_id": "MNC000005", "level": "state", "country": "us", "chamber": "upper", "state": "mn", "subcommittee": null, "committee": "Education", "type": "committee member" }, { "term": "2011-2012", "committee_id": "MNC000043", "level": "state", "country": "us", "chamber": "upper", "state": "mn", "subcommittee": null, "committee": "Jobs and Economic Growth", "type": "committee member" }, { "term": "2011-2012", "committee_id": "MNC000046", "level": "state", "country": "us", "chamber": "upper", "state": "mn", "subcommittee": null, "committee": "State Government Innovation and Veterans", "type": "committee member" } ] },
        "id": "MNL000064",
        "party": "Democratic-Farmer-Labor",
        "first_name": "Patricia",
        "middle_name": "",
        "district": "63",
        "office_address": "131 State Office Bldg.",
        "state": "mn",
        "votesmart_id": "66148",
        "chamber": "upper",
        "boundary_id": "ocd-division/country:us/state:mn/sldu:63",
        "email": "sen.patricia.torres.ray@senate.mn",
        "all_ids": [ "MNL000064", "MNL000554" ],
        "leg_id": "MNL000064",
        "+leg_url": "http://www.senate.mn/members/member_bio.php?mem_id=1151",
        "active": true,
        "transparencydata_id": "82cdfbd8fc764cf28c3b686b441ff35f",
        "photo_url": "http://www.senate.mn/graphics/member_thumbnails/63TorresRay.jpg",
        "roles": [ { "term": "2015-2016", "end_date": null, "district": "63", "chamber": "upper", "state": "mn", "party": "Democratic-Farmer-Labor", "type": "member", "start_date": null }, { "term": "2015-2016", "committee_id": "MNC000100", "chamber": "upper", "state": "mn", "subcommittee": null, "committee": "Higher Education and Workforce Development Committee", "position": "member", "type": "committee member" }, { "term": "2015-2016", "committee_id": "MNC000088", "chamber": "upper", "state": "mn", "subcommittee": null, "committee": "Education Committee", "position": "member", "type": "committee member" }, { "term": "2015-2016", "committee_id": "MNC000115", "chamber": "upper", "state": "mn", "subcommittee": "State Departments and Veterans Budget Division", "committee": "Finance Committee", "position": "member", "type": "committee member" }, { "term": "2015-2016", "committee_id": "MNC000123", "chamber": "upper", "state": "mn", "subcommittee": "E-12 Budget Division", "committee": "Finance Committee", "position": "member", "type": "committee member" }, { "term": "2015-2016", "committee_id": "MNC000105", "chamber": "upper", "state": "mn", "subcommittee": null, "committee": "State and Local Government Committee", "position": "chair", "type": "committee member" }, { "term": "2015-2016", "committee_id": "MNC000131", "chamber": "upper", "state": "mn", "subcommittee": "Higher Education and Workforce Development Budget Division", "committee": "Finance Committee", "position": "member", "type": "committee member" } ],
        "url": "http://www.senate.leg.state.mn.us//members/member_bio.php?mem_id=1151&ls=",
        "country": "us",
        "created_at": "2010-12-17 08:18:51",
        "level": "state",
        "office_phone": "(651) 296-4274",
        "offices": [ { "type": "capitol", "name": "Capitol Office", "address": "Capitol\n75 Rev. Dr. Martin Luther King Jr. Blvd.\nRoom 309\nSt. Paul, MN 55155-1606" }, { "phone": "(651) 296-4274", "type": "district", "name": "District Office" } ],
        "suffixes": ""
    }
]